{"stat.damageDealt":1110,"achievement.exploreAllBiomes":{"value":0,"progress":["Plains"]},"stat.killEntity.Cow":1,"achievement.openInventory":52,"stat.craftItem.297":3,"stat.fallOneCm":3070,"stat.flyOneCm":55397,"stat.climbOneCm":1036,"stat.killEntity.Chicken":1,"stat.drop":90,"stat.damageTaken":840,"stat.playOneMinute":95258,"stat.useItem.61":2,"stat.killEntity.Slime":27,"stat.killEntity.Pig":1,"stat.entityKilledBy.Slime":1,"stat.deaths":1,"stat.jump":255,"stat.mineBlock.3":5,"stat.useItem.58":1,"stat.useItem.1":1,"stat.mobKills":30,"stat.walkOneCm":203218}